<?xml version="1.0" encoding="UTF-8" ?>
<XMLDB PATH="mod/onlyoffice/db" VERSION="20180528" COMMENT="XMLDB file for Moodle mod/onlyoffice"
    xmlns:xsi="http://www.w3.org/2001/XMLSchema-instance"
    xsi:noNamespaceSchemaLocation="../../../lib/xmldb/xmldb.xsd"
>
  <TABLES>
    <TABLE NAME="onlyoffice" COMMENT="Each record is one ONLYOFFICE document and its config data">
      <FIELDS>
        <FIELD NAME="id" TYPE="int" LENGTH="10" NOTNULL="true" SEQUENCE="true"/>
        <FIELD NAME="course" TYPE="int" LENGTH="10" NOTNULL="true" SEQUENCE="false" COMMENT="Course ONLYOFFICE activity belongs to"/>
        <FIELD NAME="name" TYPE="char" LENGTH="255" NOTNULL="true" SEQUENCE="false" COMMENT="Name field for moodle instances"/>
        <FIELD NAME="intro" TYPE="text" NOTNULL="true" SEQUENCE="false" COMMENT="General introduction of the ONLYOFFICE activity"/>
        <FIELD NAME="introformat" TYPE="int" LENGTH="4" NOTNULL="true" DEFAULT="0" SEQUENCE="false" COMMENT="Format of the intro field (MOODLE, HTML, MARKDOWN...)"/>
        <FIELD NAME="timecreated" TYPE="int" LENGTH="10" NOTNULL="true" SEQUENCE="false"/>
        <FIELD NAME="timemodified" TYPE="int" LENGTH="10" NOTNULL="true" DEFAULT="0" SEQUENCE="false"/>
        <FIELD NAME="display" TYPE="int" LENGTH="4" NOTNULL="true" DEFAULT="0" SEQUENCE="false"/>
        <FIELD NAME="displayoptions" TYPE="text" NOTNULL="false" SEQUENCE="false"/>
        <FIELD NAME="permissions" TYPE="text" NOTNULL="false" SEQUENCE="false" COMMENT="Document permissions"/>
        <FIELD NAME="documentkey" TYPE="text" NOTNULL="false" SEQUENCE="false" COMMENT="Use text field, to allow for multiple documents and keys in future"/>
      </FIELDS>
      <KEYS>
        <KEY NAME="primary" TYPE="primary" FIELDS="id"/>
      </KEYS>
      <INDEXES>
        <INDEX NAME="course" UNIQUE="false" FIELDS="course"/>
      </INDEXES>
    </TABLE>
  </TABLES>
</XMLDB>